name,unicode,image,shortcode,category
EXCLAMATION QUESTION MARK,2049,2049.png,interrobang,folderol
TRADE MARK SIGN,2122,2122.png,tm,folderol
INFORMATION SOURCE,2139,2139.png,information_source,folderol
LEFT RIGHT ARROW,2194,2194.png,left_right_arrow,folderol
UP DOWN ARROW,2195,2195.png,arrow_up_down,folderol
NORTH WEST ARROW,2196,2196.png,arrow_upper_left,folderol
NORTH EAST ARROW,2197,2197.png,arrow_upper_right,folderol
SOUTH EAST ARROW,2198,2198.png,arrow_lower_right,folderol
SOUTH WEST ARROW,2199,2199.png,arrow_lower_left,folderol
BLACK SUN WITH RAYS,2600,2600.png,sunny,thing
CLOUD,2601,2601.png,cloud,thing
BALLOT BOX WITH CHECK,2611,2611.png,ballot_box_with_check,thing
UMBRELLA WITH RAIN DROPS,2614,2614.png,umbrella,thing
HOT BEVERAGE,2615,2615.png,coffee,thing
ARIES,2648,2648.png,aries,folderol
TAURUS,2649,2649.png,taurus,folderol
SAGITTARIUS,2650,2650.png,sagittarius,folderol
CAPRICORN,2651,2651.png,capricorn,folderol
AQUARIUS,2652,2652.png,aquarius,folderol
PISCES,2653,2653.png,pisces,folderol
BLACK SPADE SUIT,2660,2660.png,spades,folderol
BLACK CLUB SUIT,2663,2663.png,clubs,folderol
BLACK HEART SUIT,2665,2665.png,hearts,folderol
BLACK DIAMOND SUIT,2666,2666.png,diamonds,folderol
HOT SPRINGS,2668,2668.png,hotsprings,thing
ANCHOR,2693,2693.png,anchor,thing
BLACK SCISSORS,2702,2702.png,scissors,thing
WHITE HEAVY CHECK MARK,2705,2705.png,white_check_mark,folderol
AIRPLANE,2708,2708.png,airplane,thing
ENVELOPE,2709,2709.png,email,thing
BLACK NIB,2712,2712.png,black_nib,folderol
HEAVY CHECK MARK,2714,2714.png,heavy_check_mark,folderol
HEAVY MULTIPLICATION X,2716,2716.png,heavy_multiplication_x,folderol
SPARKLES,2728,2728.png,sparkles,folderol
EIGHT SPOKED ASTERISK,2733,2733.png,eight_spoked_asterisk,folderol
EIGHT POINTED BLACK STAR,2734,2734.png,eight_pointed_black_star,folderol
SNOWFLAKE,2744,2744.png,snowflake,thing
SPARKLE,2747,2747.png,sparkle,thing
BLACK QUESTION MARK ORNAMENT,2753,2753.png,question,folderol
WHITE QUESTION MARK ORNAMENT,2754,2754.png,grey_question,folderol
WHITE EXCLAMATION MARK ORNAMENT,2755,2755.png,grey_exclamation,folderol
HEAVY EXCLAMATION MARK SYMBOL,2757,2757.png,exclamation,folderol
HEAVY BLACK HEART,2764,2764.png,heart,folderol
HEAVY PLUS SIGN,2795,2795.png,heavy_plus_sign,folderol
HEAVY MINUS SIGN,2796,2796.png,heavy_minus_sign,folderol
HEAVY DIVISION SIGN,2797,2797.png,heavy_division_sign,folderol
ARROW POINTING RIGHTWARDS THEN CURVING UPWARDS,2934,2934.png,arrow_heading_up,folderol
ARROW POINTING RIGHTWARDS THEN CURVING DOWNWARDS,2935,2935.png,arrow_heading_down,folderol
WAVY DASH,3030,3030.png,wavy_dash,folderol
CIRCLED IDEOGRAPH CONGRATULATION,3297,3297.png,congratulations,folderol
CIRCLED IDEOGRAPH SECRET,3299,3299.png,secret,folderol
HASH KEY,0023-20E3,0023-20e3.png,hash,folderol
KEYCAP 0,0030-20E3,0030-20e3.png,zero,folderol
KEYCAP 1,0031-20E3,0031-20e3.png,one,folderol
KEYCAP 2,0032-20E3,0032-20e3.png,two,folderol
KEYCAP 3,0033-20E3,0033-20e3.png,three,folderol
KEYCAP 4,0034-20E3,0034-20e3.png,four,folderol
KEYCAP 5,0035-20E3,0035-20e3.png,five,folderol
KEYCAP 6,0036-20E3,0036-20e3.png,six,folderol
KEYCAP 7,0037-20E3,0037-20e3.png,seven,folderol
KEYCAP 8,0038-20E3,0038-20e3.png,eight,folderol
KEYCAP 9,0039-20E3,0039-20e3.png,nine,folderol
COPYRIGHT SIGN,00A9,00a9.png,copyright,folderol
REGISTERED SIGN,00AE,00ae.png,registered,folderol
MAHJONG TILE RED DRAGON,1F004,1f004.png,mahjong,folderol
PLAYING CARD BLACK JOKER,1F0CF,1f0cf.png,black_joker,folderol
NEGATIVE SQUARED LATIN CAPITAL LETTER A,1F170,1f170.png,a,folderol
NEGATIVE SQUARED LATIN CAPITAL LETTER B,1F171,1f171.png,b,folderol
NEGATIVE SQUARED LATIN CAPITAL LETTER O,1F17E,1f17e.png,o2,folderol
NEGATIVE SQUARED LATIN CAPITAL LETTER P,1F17F,1f17f.png,parking,folderol
NEGATIVE SQUARED AB,1F18E,1f18e.png,ab,folderol
SQUARED CL,1F191,1f191.png,cl,folderol
SQUARED COOL,1F192,1f192.png,cool,folderol
SQUARED FREE,1F193,1f193.png,free,folderol
SQUARED ID,1F194,1f194.png,id,folderol
SQUARED NEW,1F195,1f195.png,new,folderol
SQUARED NG,1F196,1f196.png,ng,folderol
SQUARED OK,1F197,1f197.png,ok,folderol
SQUARED SOS,1F198,1f198.png,sos,folderol
SQUARED UP WITH EXCLAMATION MARK,1F199,1f199.png,up,folderol
SQUARED VS,1F19A,1f19a.png,vs,folderol
REGIONAL INDICATOR SYMBOL LETTERS AE,1F1E6-1F1EA,1f1e6-1f1ea.png,flag-ae,folderol
REGIONAL INDICATOR SYMBOL LETTERS AT,1F1E6-1F1F9,1f1e6-1f1f9.png,flag-at,folderol
REGIONAL INDICATOR SYMBOL LETTERS AU,1F1E6-1F1FA,1f1e6-1f1fa.png,flag-au,folderol
REGIONAL INDICATOR SYMBOL LETTERS BE,1F1E7-1F1EA,1f1e7-1f1ea.png,flag-be,folderol
REGIONAL INDICATOR SYMBOL LETTERS BR,1F1E7-1F1F7,1f1e7-1f1f7.png,flag-br,folderol
REGIONAL INDICATOR SYMBOL LETTERS CA,1F1E8-1F1E6,1f1e8-1f1e6.png,flag-ca,folderol
REGIONAL INDICATOR SYMBOL LETTERS CH,1F1E8-1F1ED,1f1e8-1f1ed.png,flag-ch,folderol
REGIONAL INDICATOR SYMBOL LETTERS CL,1F1E8-1F1F1,1f1e8-1f1f1.png,flag-cl,folderol
REGIONAL INDICATOR SYMBOL LETTERS CN,1F1E8-1F1F3,1f1e8-1f1f3.png,flag-cn,folderol
REGIONAL INDICATOR SYMBOL LETTERS CO,1F1E8-1F1F4,1f1e8-1f1f4.png,flag-co,folderol
REGIONAL INDICATOR SYMBOL LETTERS DE,1F1E9-1F1EA,1f1e9-1f1ea.png,flag-de,folderol
REGIONAL INDICATOR SYMBOL LETTERS DK,1F1E9-1F1F0,1f1e9-1f1f0.png,flag-dk,folderol
REGIONAL INDICATOR SYMBOL LETTERS ES,1F1EA-1F1F8,1f1ea-1f1f8.png,flag-es,folderol
REGIONAL INDICATOR SYMBOL LETTERS FI,1F1EB-1F1EE,1f1eb-1f1ee.png,flag-fi,folderol
REGIONAL INDICATOR SYMBOL LETTERS FR,1F1EB-1F1F7,1f1eb-1f1f7.png,flag-fr,folderol
REGIONAL INDICATOR SYMBOL LETTERS GB,1F1EC-1F1E7,1f1ec-1f1e7.png,flag-gb,folderol
REGIONAL INDICATOR SYMBOL LETTERS HK,1F1ED-1F1F0,1f1ed-1f1f0.png,flag-hk,folderol
REGIONAL INDICATOR SYMBOL LETTERS ID,1F1EE-1F1E9,1f1ee-1f1e9.png,flag-id,folderol
REGIONAL INDICATOR SYMBOL LETTERS IE,1F1EE-1F1EA,1f1ee-1f1ea.png,flag-ie,folderol
REGIONAL INDICATOR SYMBOL LETTERS IL,1F1EE-1F1F1,1f1ee-1f1f1.png,flag-il,folderol
REGIONAL INDICATOR SYMBOL LETTERS IN,1F1EE-1F1F3,1f1ee-1f1f3.png,flag-in,folderol
REGIONAL INDICATOR SYMBOL LETTERS IT,1F1EE-1F1F9,1f1ee-1f1f9.png,flag-it,folderol
REGIONAL INDICATOR SYMBOL LETTERS JP,1F1EF-1F1F5,1f1ef-1f1f5.png,flag-jp,folderol
REGIONAL INDICATOR SYMBOL LETTERS KR,1F1F0-1F1F7,1f1f0-1f1f7.png,flag-kr,folderol
REGIONAL INDICATOR SYMBOL LETTERS MO,1F1F2-1F1F4,1f1f2-1f1f4.png,flag-mo,folderol
REGIONAL INDICATOR SYMBOL LETTERS MX,1F1F2-1F1FD,1f1f2-1f1fd.png,flag-mx,folderol
REGIONAL INDICATOR SYMBOL LETTERS MY,1F1F2-1F1FE,1f1f2-1f1fe.png,flag-my,folderol
REGIONAL INDICATOR SYMBOL LETTERS NL,1F1F3-1F1F1,1f1f3-1f1f1.png,flag-nl,folderol
REGIONAL INDICATOR SYMBOL LETTERS NO,1F1F3-1F1F4,1f1f3-1f1f4.png,flag-no,folderol
REGIONAL INDICATOR SYMBOL LETTERS NZ,1F1F3-1F1FF,1f1f3-1f1ff.png,flag-nz,folderol
REGIONAL INDICATOR SYMBOL LETTERS PH,1F1F5-1F1ED,1f1f5-1f1ed.png,flag-ph,folderol
REGIONAL INDICATOR SYMBOL LETTERS PL,1F1F5-1F1F1,1f1f5-1f1f1.png,flag-pl,folderol
REGIONAL INDICATOR SYMBOL LETTERS PR,1F1F5-1F1F7,1f1f5-1f1f7.png,flag-pr,folderol
REGIONAL INDICATOR SYMBOL LETTERS PT,1F1F5-1F1F9,1f1f5-1f1f9.png,flag-pt,folderol
REGIONAL INDICATOR SYMBOL LETTERS RU,1F1F7-1F1FA,1f1f7-1f1fa.png,flag-ru,folderol
REGIONAL INDICATOR SYMBOL LETTERS SA,1F1F8-1F1E6,1f1f8-1f1e6.png,flag-sa,folderol
REGIONAL INDICATOR SYMBOL LETTERS SE,1F1F8-1F1EA,1f1f8-1f1ea.png,flag-se,folderol
REGIONAL INDICATOR SYMBOL LETTERS SG,1F1F8-1F1EC,1f1f8-1f1ec.png,flag-sg,folderol
REGIONAL INDICATOR SYMBOL LETTERS TR,1F1F9-1F1F7,1f1f9-1f1f7.png,flag-tr,folderol
REGIONAL INDICATOR SYMBOL LETTERS US,1F1FA-1F1F8,1f1fa-1f1f8.png,flag-us,folderol
REGIONAL INDICATOR SYMBOL LETTERS VN,1F1FB-1F1F3,1f1fb-1f1f3.png,flag-vn,folderol
REGIONAL INDICATOR SYMBOL LETTERS ZA,1F1FF-1F1E6,1f1ff-1f1e6.png,flag-za,folderol
SQUARED KATAKANA KOKO,1F201,1f201.png,koko,folderol
SQUARED KATAKANA SA,1F202,1f202.png,sa,folderol
SQUARED CJK UNIFIED IDEOGRAPH-7121,1F21A,1f21a.png,u7121,folderol
SQUARED CJK UNIFIED IDEOGRAPH-6307,1F22F,1f22f.png,u6307,folderol
SQUARED CJK UNIFIED IDEOGRAPH-7981,1F232,1f232.png,u7981,folderol
SQUARED CJK UNIFIED IDEOGRAPH-7A7A,1F233,1f233.png,u7a7a,folderol
SQUARED CJK UNIFIED IDEOGRAPH-5408,1F234,1f234.png,u5408,folderol
SQUARED CJK UNIFIED IDEOGRAPH-6E80,1F235,1f235.png,u6e80,folderol
SQUARED CJK UNIFIED IDEOGRAPH-6709,1F236,1f236.png,u6709,folderol
SQUARED CJK UNIFIED IDEOGRAPH-6708,1F237,1f237.png,u6708,folderol
SQUARED CJK UNIFIED IDEOGRAPH-7533,1F238,1f238.png,u7533,folderol
SQUARED CJK UNIFIED IDEOGRAPH-5272,1F239,1f239.png,u5272,folderol
SQUARED CJK UNIFIED IDEOGRAPH-55B6,1F23A,1f23a.png,u55b6,folderol
CIRCLED IDEOGRAPH ADVANTAGE,1F250,1f250.png,ideograph_advantage,folderol
CIRCLED IDEOGRAPH ACCEPT,1F251,1f251.png,accept,folderol
CYCLONE,1F300,1f300.png,cyclone,thing
FOGGY,1F301,1f301.png,foggy,thing
CLOSED UMBRELLA,1F302,1f302.png,closed_umbrella,thing
NIGHT WITH STARS,1F303,1f303.png,night_with_stars,thing
SUNRISE OVER MOUNTAINS,1F304,1f304.png,sunrise_over_mountains,thing
SUNRISE,1F305,1f305.png,sunrise,thing
CITYSCAPE AT DUSK,1F306,1f306.png,city_sunset,thing
SUNSET OVER BUILDINGS,1F307,1f307.png,city_sunrise,thing
RAINBOW,1F308,1f308.png,rainbow,thing
BRIDGE AT NIGHT,1F309,1f309.png,bridge_at_night,thing
WATER WAVE,1F30A,1f30a.png,ocean,thing
VOLCANO,1F30B,1f30b.png,volcano,thing
MILKY WAY,1F30C,1f30c.png,milky_way,thing
EARTH GLOBE EUROPE-AFRICA,1F30D,1f30d.png,earth_africa,thing
EARTH GLOBE AMERICAS,1F30E,1f30e.png,earth_americas,thing
EARTH GLOBE ASIA-AUSTRALIA,1F30F,1f30f.png,earth_asia,thing
GLOBE WITH MERIDIANS,1F310,1f310.png,globe_with_meridians,thing
NEW MOON SYMBOL,1F311,1f311.png,new_moon,thing
WAXING CRESCENT MOON SYMBOL,1F312,1f312.png,waxing_crescent_moon,thing
FIRST QUARTER MOON SYMBOL,1F313,1f313.png,first_quarter_moon,thing
WAXING GIBBOUS MOON SYMBOL,1F314,1f314.png,moon,thing
FULL MOON SYMBOL,1F315,1f315.png,full_moon,thing
WANING GIBBOUS MOON SYMBOL,1F316,1f316.png,waning_gibbous_moon,thing
LAST QUARTER MOON SYMBOL,1F317,1f317.png,last_quarter_moon,thing
WANING CRESCENT MOON SYMBOL,1F318,1f318.png,waning_crescent_moon,thing
CRESCENT MOON,1F319,1f319.png,crescent_moon,thing
NEW MOON WITH FACE,1F31A,1f31a.png,new_moon_with_face,thing
FIRST QUARTER MOON WITH FACE,1F31B,1f31b.png,first_quarter_moon_with_face,thing
LAST QUARTER MOON WITH FACE,1F31C,1f31c.png,last_quarter_moon_with_face,thing
FULL MOON WITH FACE,1F31D,1f31d.png,full_moon_with_face,thing
SUN WITH FACE,1F31E,1f31e.png,sun_with_face,thing
GLOWING STAR,1F31F,1f31f.png,star2,thing
SHOOTING STAR,1F320,1f320.png,stars,thing
CHESTNUT,1F330,1f330.png,chestnut,thing
SEEDLING,1F331,1f331.png,seedling,thing
EVERGREEN TREE,1F332,1f332.png,evergreen_tree,thing
DECIDUOUS TREE,1F333,1f333.png,deciduous_tree,thing
PALM TREE,1F334,1f334.png,palm_tree,thing
CACTUS,1F335,1f335.png,cactus,thing
TULIP,1F337,1f337.png,tulip,thing
CHERRY BLOSSOM,1F338,1f338.png,cherry_blossom,thing
ROSE,1F339,1f339.png,rose,thing
HIBISCUS,1F33A,1f33a.png,hibiscus,thing
SUNFLOWER,1F33B,1f33b.png,sunflower,thing
BLOSSOM,1F33C,1f33c.png,blossom,thing
EAR OF MAIZE,1F33D,1f33d.png,corn,thing
EAR OF RICE,1F33E,1f33e.png,ear_of_rice,thing
HERB,1F33F,1f33f.png,herb,thing
FOUR LEAF CLOVER,1F340,1f340.png,four_leaf_clover,thing
MAPLE LEAF,1F341,1f341.png,maple_leaf,thing
FALLEN LEAF,1F342,1f342.png,fallen_leaf,thing
LEAF FLUTTERING IN WIND,1F343,1f343.png,leaves,thing
MUSHROOM,1F344,1f344.png,mushroom,food
TOMATO,1F345,1f345.png,tomato,food
AUBERGINE,1F346,1f346.png,eggplant,food
GRAPES,1F347,1f347.png,grapes,food
MELON,1F348,1f348.png,melon,food
WATERMELON,1F349,1f349.png,watermelon,food
TANGERINE,1F34A,1f34a.png,tangerine,food
LEMON,1F34B,1f34b.png,lemon,food
BANANA,1F34C,1f34c.png,banana,food
PINEAPPLE,1F34D,1f34d.png,pineapple,food
RED APPLE,1F34E,1f34e.png,apple,food
GREEN APPLE,1F34F,1f34f.png,green_apple,food
PEAR,1F350,1f350.png,pear,food
PEACH,1F351,1f351.png,peach,food
CHERRIES,1F352,1f352.png,cherries,food
STRAWBERRY,1F353,1f353.png,strawberry,food
HAMBURGER,1F354,1f354.png,hamburger,food
SLICE OF PIZZA,1F355,1f355.png,pizza,food
MEAT ON BONE,1F356,1f356.png,meat_on_bone,food
POULTRY LEG,1F357,1f357.png,poultry_leg,food
RICE CRACKER,1F358,1f358.png,rice_cracker,food
RICE BALL,1F359,1f359.png,rice_ball,food
COOKED RICE,1F35A,1f35a.png,rice,food
CURRY AND RICE,1F35B,1f35b.png,curry,food
STEAMING BOWL,1F35C,1f35c.png,ramen,food
SPAGHETTI,1F35D,1f35d.png,spaghetti,food
BREAD,1F35E,1f35e.png,bread,food
FRENCH FRIES,1F35F,1f35f.png,fries,food
ROASTED SWEET POTATO,1F360,1f360.png,sweet_potato,food
DANGO,1F361,1f361.png,dango,food
ODEN,1F362,1f362.png,oden,food
SUSHI,1F363,1f363.png,sushi,food
FRIED SHRIMP,1F364,1f364.png,fried_shrimp,food
FISH CAKE WITH SWIRL DESIGN,1F365,1f365.png,fish_cake,food
SOFT ICE CREAM,1F366,1f366.png,icecream,food
SHAVED ICE,1F367,1f367.png,shaved_ice,food
ICE CREAM,1F368,1f368.png,ice_cream,food
DOUGHNUT,1F369,1f369.png,doughnut,food
COOKIE,1F36A,1f36a.png,cookie,food
CHOCOLATE BAR,1F36B,1f36b.png,chocolate_bar,food
CANDY,1F36C,1f36c.png,candy,food
LOLLIPOP,1F36D,1f36d.png,lollipop,food
CUSTARD,1F36E,1f36e.png,custard,food
HONEY POT,1F36F,1f36f.png,honey_pot,food
SHORTCAKE,1F370,1f370.png,cake,food
BENTO BOX,1F371,1f371.png,bento,food
POT OF FOOD,1F372,1f372.png,stew,food
COOKING,1F373,1f373.png,egg,food
FORK AND KNIFE,1F374,1f374.png,fork_and_knife,food
TEACUP WITHOUT HANDLE,1F375,1f375.png,tea,food
SAKE BOTTLE AND CUP,1F376,1f376.png,sake,food
WINE GLASS,1F377,1f377.png,wine_glass,food
COCKTAIL GLASS,1F378,1f378.png,cocktail,food
TROPICAL DRINK,1F379,1f379.png,tropical_drink,food
BEER MUG,1F37A,1f37a.png,beer,food
CLINKING BEER MUGS,1F37B,1f37b.png,beers,food
BABY BOTTLE,1F37C,1f37c.png,baby_bottle,food
RIBBON,1F380,1f380.png,ribbon,thing
WRAPPED PRESENT,1F381,1f381.png,gift,thing
BIRTHDAY CAKE,1F382,1f382.png,birthday,thing
JACK-O-LANTERN,1F383,1f383.png,jack_o_lantern,thing
CHRISTMAS TREE,1F384,1f384.png,christmas_tree,thing
FATHER CHRISTMAS,1F385,1f385.png,santa,thing
FIREWORKS,1F386,1f386.png,fireworks,thing
FIREWORK SPARKLER,1F387,1f387.png,sparkler,thing
BALLOON,1F388,1f388.png,balloon,thing
PARTY POPPER,1F389,1f389.png,tada,thing
CONFETTI BALL,1F38A,1f38a.png,confetti_ball,thing
TANABATA TREE,1F38B,1f38b.png,tanabata_tree,thing
CROSSED FLAGS,1F38C,1f38c.png,crossed_flags,thing
PINE DECORATION,1F38D,1f38d.png,bamboo,thing
JAPANESE DOLLS,1F38E,1f38e.png,dolls,thing
CARP STREAMER,1F38F,1f38f.png,flags,thing
WIND CHIME,1F390,1f390.png,wind_chime,thing
MOON VIEWING CEREMONY,1F391,1f391.png,rice_scene,thing
SCHOOL SATCHEL,1F392,1f392.png,school_satchel,thing
GRADUATION CAP,1F393,1f393.png,mortar_board,thing
CAROUSEL HORSE,1F3A0,1f3a0.png,carousel_horse,thing
FERRIS WHEEL,1F3A1,1f3a1.png,ferris_wheel,thing
ROLLER COASTER,1F3A2,1f3a2.png,roller_coaster,thing
FISHING POLE AND FISH,1F3A3,1f3a3.png,fishing_pole_and_fish,thing
MICROPHONE,1F3A4,1f3a4.png,microphone,thing
MOVIE CAMERA,1F3A5,1f3a5.png,movie_camera,thing
CINEMA,1F3A6,1f3a6.png,cinema,thing
HEADPHONE,1F3A7,1f3a7.png,headphones,thing
ARTIST PALETTE,1F3A8,1f3a8.png,art,thing
TOP HAT,1F3A9,1f3a9.png,tophat,thing
CIRCUS TENT,1F3AA,1f3aa.png,circus_tent,thing
TICKET,1F3AB,1f3ab.png,ticket,thing
CLAPPER BOARD,1F3AC,1f3ac.png,clapper,thing
PERFORMING ARTS,1F3AD,1f3ad.png,performing_arts,thing
VIDEO GAME,1F3AE,1f3ae.png,video_game,thing
DIRECT HIT,1F3AF,1f3af.png,dart,thing
SLOT MACHINE,1F3B0,1f3b0.png,slot_machine,thing
BILLIARDS,1F3B1,1f3b1.png,8ball,thing
GAME DIE,1F3B2,1f3b2.png,game_die,thing
BOWLING,1F3B3,1f3b3.png,bowling,thing
FLOWER PLAYING CARDS,1F3B4,1f3b4.png,flower_playing_cards,thing
MUSICAL NOTE,1F3B5,1f3b5.png,musical_note,thing
MULTIPLE MUSICAL NOTES,1F3B6,1f3b6.png,notes,thing
SAXOPHONE,1F3B7,1f3b7.png,saxophone,thing
GUITAR,1F3B8,1f3b8.png,guitar,thing
MUSICAL KEYBOARD,1F3B9,1f3b9.png,musical_keyboard,thing
TRUMPET,1F3BA,1f3ba.png,trumpet,thing
VIOLIN,1F3BB,1f3bb.png,violin,thing
MUSICAL SCORE,1F3BC,1f3bc.png,musical_score,thing
RUNNING SHIRT WITH SASH,1F3BD,1f3bd.png,running_shirt_with_sash,thing
TENNIS RACQUET AND BALL,1F3BE,1f3be.png,tennis,thing
SKI AND SKI BOOT,1F3BF,1f3bf.png,ski,thing
BASKETBALL AND HOOP,1F3C0,1f3c0.png,basketball,thing
CHEQUERED FLAG,1F3C1,1f3c1.png,checkered_flag,thing
SNOWBOARDER,1F3C2,1f3c2.png,snowboarder,people
RUNNER,1F3C3,1f3c3.png,runner,people
SURFER,1F3C4,1f3c4.png,surfer,people
TROPHY,1F3C6,1f3c6.png,trophy,people
HORSE RACING,1F3C7,1f3c7.png,horse_racing,people
AMERICAN FOOTBALL,1F3C8,1f3c8.png,football,people
RUGBY FOOTBALL,1F3C9,1f3c9.png,rugby_football,people
SWIMMER,1F3CA,1f3ca.png,swimmer,people
HOUSE BUILDING,1F3E0,1f3e0.png,house,travel
HOUSE WITH GARDEN,1F3E1,1f3e1.png,house_with_garden,travel
OFFICE BUILDING,1F3E2,1f3e2.png,office,travel
JAPANESE POST OFFICE,1F3E3,1f3e3.png,post_office,travel
EUROPEAN POST OFFICE,1F3E4,1f3e4.png,european_post_office,travel
HOSPITAL,1F3E5,1f3e5.png,hospital,travel
BANK,1F3E6,1f3e6.png,bank,travel
AUTOMATED TELLER MACHINE,1F3E7,1f3e7.png,atm,travel
HOTEL,1F3E8,1f3e8.png,hotel,travel
LOVE HOTEL,1F3E9,1f3e9.png,love_hotel,travel
CONVENIENCE STORE,1F3EA,1f3ea.png,convenience_store,travel
SCHOOL,1F3EB,1f3eb.png,school,travel
DEPARTMENT STORE,1F3EC,1f3ec.png,department_store,travel
FACTORY,1F3ED,1f3ed.png,factory,travel
IZAKAYA LANTERN,1F3EE,1f3ee.png,izakaya_lantern,travel
JAPANESE CASTLE,1F3EF,1f3ef.png,japanese_castle,travel
EUROPEAN CASTLE,1F3F0,1f3f0.png,european_castle,travel
EMOJI MODIFIER FITZPATRICK TYPE-1-2,1F3FB,1f3fb.png,skin-tone-2,people
EMOJI MODIFIER FITZPATRICK TYPE-3,1F3FC,1f3fc.png,skin-tone-3,people
EMOJI MODIFIER FITZPATRICK TYPE-4,1F3FD,1f3fd.png,skin-tone-4,people
EMOJI MODIFIER FITZPATRICK TYPE-5,1F3FE,1f3fe.png,skin-tone-5,people
EMOJI MODIFIER FITZPATRICK TYPE-6,1F3FF,1f3ff.png,skin-tone-6,people
RAT,1F400,1f400.png,rat,animal
MOUSE,1F401,1f401.png,mouse2,animal
OX,1F402,1f402.png,ox,animal
WATER BUFFALO,1F403,1f403.png,water_buffalo,animal
COW,1F404,1f404.png,cow2,animal
TIGER,1F405,1f405.png,tiger2,animal
LEOPARD,1F406,1f406.png,leopard,animal
RABBIT,1F407,1f407.png,rabbit2,animal
CAT,1F408,1f408.png,cat2,animal
DRAGON,1F409,1f409.png,dragon,animal
CROCODILE,1F40A,1f40a.png,crocodile,animal
WHALE,1F40B,1f40b.png,whale2,animal
SNAIL,1F40C,1f40c.png,snail,animal
SNAKE,1F40D,1f40d.png,snake,animal
HORSE,1F40E,1f40e.png,racehorse,animal
RAM,1F40F,1f40f.png,ram,animal
GOAT,1F410,1f410.png,goat,animal
SHEEP,1F411,1f411.png,sheep,animal
MONKEY,1F412,1f412.png,monkey,animal
ROOSTER,1F413,1f413.png,rooster,animal
CHICKEN,1F414,1f414.png,chicken,animal
DOG,1F415,1f415.png,dog2,animal
PIG,1F416,1f416.png,pig2,animal
BOAR,1F417,1f417.png,boar,animal
ELEPHANT,1F418,1f418.png,elephant,animal
OCTOPUS,1F419,1f419.png,octopus,animal
SPIRAL SHELL,1F41A,1f41a.png,shell,animal
BUG,1F41B,1f41b.png,bug,animal
ANT,1F41C,1f41c.png,ant,animal
HONEYBEE,1F41D,1f41d.png,bee,animal
LADY BEETLE,1F41E,1f41e.png,beetle,animal
FISH,1F41F,1f41f.png,fish,animal
TROPICAL FISH,1F420,1f420.png,tropical_fish,animal
BLOWFISH,1F421,1f421.png,blowfish,animal
TURTLE,1F422,1f422.png,turtle,animal
HATCHING CHICK,1F423,1f423.png,hatching_chick,animal
BABY CHICK,1F424,1f424.png,baby_chick,animal
FRONT-FACING BABY CHICK,1F425,1f425.png,hatched_chick,animal
BIRD,1F426,1f426.png,bird,animal
PENGUIN,1F427,1f427.png,penguin,animal
KOALA,1F428,1f428.png,koala,animal
POODLE,1F429,1f429.png,poodle,animal
DROMEDARY CAMEL,1F42A,1f42a.png,dromedary_camel,animal
BACTRIAN CAMEL,1F42B,1f42b.png,camel,animal
DOLPHIN,1F42C,1f42c.png,dolphin,animal
MOUSE FACE,1F42D,1f42d.png,mouse,animal
COW FACE,1F42E,1f42e.png,cow,animal
TIGER FACE,1F42F,1f42f.png,tiger,animal
RABBIT FACE,1F430,1f430.png,rabbit,animal
CAT FACE,1F431,1f431.png,cat,animal
DRAGON FACE,1F432,1f432.png,dragon_face,animal
SPOUTING WHALE,1F433,1f433.png,whale,animal
HORSE FACE,1F434,1f434.png,horse,animal
MONKEY FACE,1F435,1f435.png,monkey_face,animal
DOG FACE,1F436,1f436.png,dog,animal
PIG FACE,1F437,1f437.png,pig,animal
FROG FACE,1F438,1f438.png,frog,animal
HAMSTER FACE,1F439,1f439.png,hamster,animal
WOLF FACE,1F43A,1f43a.png,wolf,animal
BEAR FACE,1F43B,1f43b.png,bear,animal
PANDA FACE,1F43C,1f43c.png,panda_face,animal
PIG NOSE,1F43D,1f43d.png,pig_nose,animal
PAW PRINTS,1F43E,1f43e.png,feet,people
EYES,1F440,1f440.png,eyes,people
EAR,1F442,1f442.png,ear,people
NOSE,1F443,1f443.png,nose,people
MOUTH,1F444,1f444.png,lips,people
TONGUE,1F445,1f445.png,tongue,people
WHITE UP POINTING BACKHAND INDEX,1F446,1f446.png,point_up_2,people
WHITE DOWN POINTING BACKHAND INDEX,1F447,1f447.png,point_down,people
WHITE LEFT POINTING BACKHAND INDEX,1F448,1f448.png,point_left,people
WHITE RIGHT POINTING BACKHAND INDEX,1F449,1f449.png,point_right,people
FISTED HAND SIGN,1F44A,1f44a.png,facepunch,people
WAVING HAND SIGN,1F44B,1f44b.png,wave,people
OK HAND SIGN,1F44C,1f44c.png,ok_hand,people
THUMBS UP SIGN,1F44D,1f44d.png,+1,people
THUMBS DOWN SIGN,1F44E,1f44e.png,-1,people
CLAPPING HANDS SIGN,1F44F,1f44f.png,clap,people
OPEN HANDS SIGN,1F450,1f450.png,open_hands,people
CROWN,1F451,1f451.png,crown,people
WOMANS HAT,1F452,1f452.png,womans_hat,people
EYEGLASSES,1F453,1f453.png,eyeglasses,people
NECKTIE,1F454,1f454.png,necktie,people
T-SHIRT,1F455,1f455.png,shirt,people
JEANS,1F456,1f456.png,jeans,people
DRESS,1F457,1f457.png,dress,people
KIMONO,1F458,1f458.png,kimono,people
BIKINI,1F459,1f459.png,bikini,people
WOMANS CLOTHES,1F45A,1f45a.png,womans_clothes,people
PURSE,1F45B,1f45b.png,purse,people
HANDBAG,1F45C,1f45c.png,handbag,people
POUCH,1F45D,1f45d.png,pouch,people
MANS SHOE,1F45E,1f45e.png,mans_shoe,people
ATHLETIC SHOE,1F45F,1f45f.png,athletic_shoe,people
HIGH-HEELED SHOE,1F460,1f460.png,high_heel,people
WOMANS SANDAL,1F461,1f461.png,sandal,people
WOMANS BOOTS,1F462,1f462.png,boot,people
FOOTPRINTS,1F463,1f463.png,footprints,people
BUST IN SILHOUETTE,1F464,1f464.png,bust_in_silhouette,people
BUSTS IN SILHOUETTE,1F465,1f465.png,busts_in_silhouette,people
BOY,1F466,1f466.png,boy,people
GIRL,1F467,1f467.png,girl,people
MAN,1F468,1f468.png,man,people
,1F468-200D-1F468-200D-1F466,1f468-1f468-1f466.png,man-man-boy,people
,1F468-200D-1F468-200D-1F466-200D-1F466,1f468-1f468-1f466-1f466.png,man-man-boy-boy,people
,1F468-200D-1F468-200D-1F467,1f468-1f468-1f467.png,man-man-girl,people
,1F468-200D-1F468-200D-1F467-200D-1F466,1f468-1f468-1f467-1f466.png,man-man-girl-boy,people
,1F468-200D-1F468-200D-1F467-200D-1F467,1f468-1f468-1f467-1f467.png,man-man-girl-girl,people
,1F468-200D-1F469-200D-1F466,1f468-1f469-1f466.png,man-woman-boy,people
,1F468-200D-1F469-200D-1F466-200D-1F466,1f468-1f469-1f466-1f466.png,man-woman-boy-boy,people
,1F468-200D-1F469-200D-1F467,1f468-1f469-1f467.png,man-woman-girl,people
,1F468-200D-1F469-200D-1F467-200D-1F467,1f468-1f469-1f467-1f467.png,man-woman-girl-girl,people
,1F468-200D-2764-FE0F-200D-1F468,1f468-2764-fe0f-1f468.png,man-heart-man,people
,1F468-200D-2764-FE0F-200D-1F48B-200D-1F468,1f468-2764-fe0f-1f48b-1f468.png,man-kiss-man,people
WOMAN,1F469,1f469.png,woman,people
,1F469-200D-1F469-200D-1F466,1f469-1f469-1f466.png,woman-woman-boy,people
,1F469-200D-1F469-200D-1F466-200D-1F466,1f469-1f469-1f466-1f466.png,woman-woman-boy-boy,people
,1F469-200D-1F469-200D-1F467,1f469-1f469-1f467.png,woman-woman-girl,people
,1F469-200D-1F469-200D-1F467-200D-1F466,1f469-1f469-1f467-1f466.png,woman-woman-girl-boy,people
,1F469-200D-1F469-200D-1F467-200D-1F467,1f469-1f469-1f467-1f467.png,woman-woman-girl-girl,people
,1F469-200D-2764-FE0F-200D-1F469,1f469-2764-fe0f-1f469.png,woman-heart-woman,people
,1F469-200D-2764-FE0F-200D-1F48B-200D-1F469,1f469-2764-fe0f-1f48b-1f469.png,woman-kiss-woman,people
FAMILY,1F46A,1f46a.png,family,people
MAN AND WOMAN HOLDING HANDS,1F46B,1f46b.png,couple,people
TWO MEN HOLDING HANDS,1F46C,1f46c.png,two_men_holding_hands,people
TWO WOMEN HOLDING HANDS,1F46D,1f46d.png,two_women_holding_hands,people
POLICE OFFICER,1F46E,1f46e.png,cop,people
WOMAN WITH BUNNY EARS,1F46F,1f46f.png,dancers,people
BRIDE WITH VEIL,1F470,1f470.png,bride_with_veil,people
PERSON WITH BLOND HAIR,1F471,1f471.png,person_with_blond_hair,people
MAN WITH GUA PI MAO,1F472,1f472.png,man_with_gua_pi_mao,people
MAN WITH TURBAN,1F473,1f473.png,man_with_turban,people
OLDER MAN,1F474,1f474.png,older_man,people
OLDER WOMAN,1F475,1f475.png,older_woman,people
BABY,1F476,1f476.png,baby,people
CONSTRUCTION WORKER,1F477,1f477.png,construction_worker,people
PRINCESS,1F478,1f478.png,princess,people
JAPANESE OGRE,1F479,1f479.png,japanese_ogre,people
JAPANESE GOBLIN,1F47A,1f47a.png,japanese_goblin,people
GHOST,1F47B,1f47b.png,ghost,people
BABY ANGEL,1F47C,1f47c.png,angel,people
EXTRATERRESTRIAL ALIEN,1F47D,1f47d.png,alien,people
ALIEN MONSTER,1F47E,1f47e.png,space_invader,people
IMP,1F47F,1f47f.png,imp,people
SKULL,1F480,1f480.png,skull,people
INFORMATION DESK PERSON,1F481,1f481.png,information_desk_person,people
GUARDSMAN,1F482,1f482.png,guardsman,people
DANCER,1F483,1f483.png,dancer,people
LIPSTICK,1F484,1f484.png,lipstick,people
NAIL POLISH,1F485,1f485.png,nail_care,people
FACE MASSAGE,1F486,1f486.png,massage,people
HAIRCUT,1F487,1f487.png,haircut,people
BARBER POLE,1F488,1f488.png,barber,people
SYRINGE,1F489,1f489.png,syringe,emotion
PILL,1F48A,1f48a.png,pill,emotion
KISS MARK,1F48B,1f48b.png,kiss,emotion
LOVE LETTER,1F48C,1f48c.png,love_letter,emotion
RING,1F48D,1f48d.png,ring,emotion
GEM STONE,1F48E,1f48e.png,gem,emotion
KISS,1F48F,1f48f.png,couplekiss,emotion
BOUQUET,1F490,1f490.png,bouquet,emotion
COUPLE WITH HEART,1F491,1f491.png,couple_with_heart,emotion
WEDDING,1F492,1f492.png,wedding,emotion
BEATING HEART,1F493,1f493.png,heartbeat,emotion
BROKEN HEART,1F494,1f494.png,broken_heart,emotion
TWO HEARTS,1F495,1f495.png,two_hearts,emotion
SPARKLING HEART,1F496,1f496.png,sparkling_heart,emotion
GROWING HEART,1F497,1f497.png,heartpulse,emotion
HEART WITH ARROW,1F498,1f498.png,cupid,emotion
BLUE HEART,1F499,1f499.png,blue_heart,emotion
GREEN HEART,1F49A,1f49a.png,green_heart,emotion
YELLOW HEART,1F49B,1f49b.png,yellow_heart,emotion
PURPLE HEART,1F49C,1f49c.png,purple_heart,emotion
HEART WITH RIBBON,1F49D,1f49d.png,gift_heart,emotion
REVOLVING HEARTS,1F49E,1f49e.png,revolving_hearts,emotion
HEART DECORATION,1F49F,1f49f.png,heart_decoration,emotion
DIAMOND SHAPE WITH A DOT INSIDE,1F4A0,1f4a0.png,diamond_shape_with_a_dot_inside,emotion
ELECTRIC LIGHT BULB,1F4A1,1f4a1.png,bulb,emotion
ANGER SYMBOL,1F4A2,1f4a2.png,anger,emotion
BOMB,1F4A3,1f4a3.png,bomb,emotion
SLEEPING SYMBOL,1F4A4,1f4a4.png,zzz,emotion
COLLISION SYMBOL,1F4A5,1f4a5.png,boom,emotion
SPLASHING SWEAT SYMBOL,1F4A6,1f4a6.png,sweat_drops,emotion
DROPLET,1F4A7,1f4a7.png,droplet,emotion
DASH SYMBOL,1F4A8,1f4a8.png,dash,emotion
PILE OF POO,1F4A9,1f4a9.png,hankey,emotion
FLEXED BICEPS,1F4AA,1f4aa.png,muscle,emotion
DIZZY SYMBOL,1F4AB,1f4ab.png,dizzy,emotion
SPEECH BALLOON,1F4AC,1f4ac.png,speech_balloon,emotion
THOUGHT BALLOON,1F4AD,1f4ad.png,thought_balloon,emotion
WHITE FLOWER,1F4AE,1f4ae.png,white_flower,emotion
HUNDRED POINTS SYMBOL,1F4AF,1f4af.png,100,emotion
MONEY BAG,1F4B0,1f4b0.png,moneybag,emotion
CURRENCY EXCHANGE,1F4B1,1f4b1.png,currency_exchange,emotion
HEAVY DOLLAR SIGN,1F4B2,1f4b2.png,heavy_dollar_sign,emotion
CREDIT CARD,1F4B3,1f4b3.png,credit_card,emotion
BANKNOTE WITH YEN SIGN,1F4B4,1f4b4.png,yen,emotion
BANKNOTE WITH DOLLAR SIGN,1F4B5,1f4b5.png,dollar,emotion
BANKNOTE WITH EURO SIGN,1F4B6,1f4b6.png,euro,emotion
BANKNOTE WITH POUND SIGN,1F4B7,1f4b7.png,pound,emotion
MONEY WITH WINGS,1F4B8,1f4b8.png,money_with_wings,emotion
CHART WITH UPWARDS TREND AND YEN SIGN,1F4B9,1f4b9.png,chart,thing
SEAT,1F4BA,1f4ba.png,seat,thing
PERSONAL COMPUTER,1F4BB,1f4bb.png,computer,thing
BRIEFCASE,1F4BC,1f4bc.png,briefcase,thing
MINIDISC,1F4BD,1f4bd.png,minidisc,thing
FLOPPY DISK,1F4BE,1f4be.png,floppy_disk,thing
OPTICAL DISC,1F4BF,1f4bf.png,cd,thing
DVD,1F4C0,1f4c0.png,dvd,thing
FILE FOLDER,1F4C1,1f4c1.png,file_folder,thing
OPEN FILE FOLDER,1F4C2,1f4c2.png,open_file_folder,thing
PAGE WITH CURL,1F4C3,1f4c3.png,page_with_curl,thing
PAGE FACING UP,1F4C4,1f4c4.png,page_facing_up,thing
CALENDAR,1F4C5,1f4c5.png,date,thing
TEAR-OFF CALENDAR,1F4C6,1f4c6.png,calendar,thing
CARD INDEX,1F4C7,1f4c7.png,card_index,thing
CHART WITH UPWARDS TREND,1F4C8,1f4c8.png,chart_with_upwards_trend,thing
CHART WITH DOWNWARDS TREND,1F4C9,1f4c9.png,chart_with_downwards_trend,thing
BAR CHART,1F4CA,1f4ca.png,bar_chart,thing
CLIPBOARD,1F4CB,1f4cb.png,clipboard,thing
PUSHPIN,1F4CC,1f4cc.png,pushpin,thing
ROUND PUSHPIN,1F4CD,1f4cd.png,round_pushpin,thing
PAPERCLIP,1F4CE,1f4ce.png,paperclip,thing
STRAIGHT RULER,1F4CF,1f4cf.png,straight_ruler,thing
TRIANGULAR RULER,1F4D0,1f4d0.png,triangular_ruler,thing
BOOKMARK TABS,1F4D1,1f4d1.png,bookmark_tabs,thing
LEDGER,1F4D2,1f4d2.png,ledger,thing
NOTEBOOK,1F4D3,1f4d3.png,notebook,thing
NOTEBOOK WITH DECORATIVE COVER,1F4D4,1f4d4.png,notebook_with_decorative_cover,thing
CLOSED BOOK,1F4D5,1f4d5.png,closed_book,thing
OPEN BOOK,1F4D6,1f4d6.png,book,thing
GREEN BOOK,1F4D7,1f4d7.png,green_book,thing
BLUE BOOK,1F4D8,1f4d8.png,blue_book,thing
ORANGE BOOK,1F4D9,1f4d9.png,orange_book,thing
BOOKS,1F4DA,1f4da.png,books,thing
NAME BADGE,1F4DB,1f4db.png,name_badge,thing
SCROLL,1F4DC,1f4dc.png,scroll,thing
MEMO,1F4DD,1f4dd.png,memo,thing
TELEPHONE RECEIVER,1F4DE,1f4de.png,telephone_receiver,thing
PAGER,1F4DF,1f4df.png,pager,thing
FAX MACHINE,1F4E0,1f4e0.png,fax,thing
SATELLITE ANTENNA,1F4E1,1f4e1.png,satellite,thing
PUBLIC ADDRESS LOUDSPEAKER,1F4E2,1f4e2.png,loudspeaker,thing
CHEERING MEGAPHONE,1F4E3,1f4e3.png,mega,thing
OUTBOX TRAY,1F4E4,1f4e4.png,outbox_tray,thing
INBOX TRAY,1F4E5,1f4e5.png,inbox_tray,thing
PACKAGE,1F4E6,1f4e6.png,package,thing
E-MAIL SYMBOL,1F4E7,1f4e7.png,e-mail,thing
INCOMING ENVELOPE,1F4E8,1f4e8.png,incoming_envelope,thing
ENVELOPE WITH DOWNWARDS ARROW ABOVE,1F4E9,1f4e9.png,envelope_with_arrow,thing
CLOSED MAILBOX WITH LOWERED FLAG,1F4EA,1f4ea.png,mailbox_closed,thing
CLOSED MAILBOX WITH RAISED FLAG,1F4EB,1f4eb.png,mailbox,thing
OPEN MAILBOX WITH RAISED FLAG,1F4EC,1f4ec.png,mailbox_with_mail,thing
OPEN MAILBOX WITH LOWERED FLAG,1F4ED,1f4ed.png,mailbox_with_no_mail,thing
POSTBOX,1F4EE,1f4ee.png,postbox,thing
POSTAL HORN,1F4EF,1f4ef.png,postal_horn,thing
NEWSPAPER,1F4F0,1f4f0.png,newspaper,thing
MOBILE PHONE,1F4F1,1f4f1.png,iphone,thing
MOBILE PHONE WITH RIGHTWARDS ARROW AT LEFT,1F4F2,1f4f2.png,calling,thing
VIBRATION MODE,1F4F3,1f4f3.png,vibration_mode,thing
MOBILE PHONE OFF,1F4F4,1f4f4.png,mobile_phone_off,thing
NO MOBILE PHONES,1F4F5,1f4f5.png,no_mobile_phones,thing
ANTENNA WITH BARS,1F4F6,1f4f6.png,signal_strength,thing
CAMERA,1F4F7,1f4f7.png,camera,thing
VIDEO CAMERA,1F4F9,1f4f9.png,video_camera,thing
TELEVISION,1F4FA,1f4fa.png,tv,thing
RADIO,1F4FB,1f4fb.png,radio,thing
VIDEOCASSETTE,1F4FC,1f4fc.png,vhs,thing
TWISTED RIGHTWARDS ARROWS,1F500,1f500.png,twisted_rightwards_arrows,thing
CLOCKWISE RIGHTWARDS AND LEFTWARDS OPEN CIRCLE ARROWS,1F501,1f501.png,repeat,thing
CLOCKWISE RIGHTWARDS AND LEFTWARDS OPEN CIRCLE ARROWS WITH CIRCLED ONE OVERLAY,1F502,1f502.png,repeat_one,thing
CLOCKWISE DOWNWARDS AND UPWARDS OPEN CIRCLE ARROWS,1F503,1f503.png,arrows_clockwise,thing
ANTICLOCKWISE DOWNWARDS AND UPWARDS OPEN CIRCLE ARROWS,1F504,1f504.png,arrows_counterclockwise,thing
LOW BRIGHTNESS SYMBOL,1F505,1f505.png,low_brightness,thing
HIGH BRIGHTNESS SYMBOL,1F506,1f506.png,high_brightness,thing
SPEAKER WITH CANCELLATION STROKE,1F507,1f507.png,mute,thing
SPEAKER,1F508,1f508.png,speaker,thing
SPEAKER WITH ONE SOUND WAVE,1F509,1f509.png,sound,thing
SPEAKER WITH THREE SOUND WAVES,1F50A,1f50a.png,loud_sound,thing
BATTERY,1F50B,1f50b.png,battery,thing
ELECTRIC PLUG,1F50C,1f50c.png,electric_plug,thing
LEFT-POINTING MAGNIFYING GLASS,1F50D,1f50d.png,mag,thing
RIGHT-POINTING MAGNIFYING GLASS,1F50E,1f50e.png,mag_right,thing
LOCK WITH INK PEN,1F50F,1f50f.png,lock_with_ink_pen,thing
CLOSED LOCK WITH KEY,1F510,1f510.png,closed_lock_with_key,thing
KEY,1F511,1f511.png,key,thing
LOCK,1F512,1f512.png,lock,thing
OPEN LOCK,1F513,1f513.png,unlock,thing
BELL,1F514,1f514.png,bell,thing
BELL WITH CANCELLATION STROKE,1F515,1f515.png,no_bell,thing
BOOKMARK,1F516,1f516.png,bookmark,folderol
LINK SYMBOL,1F517,1f517.png,link,folderol
RADIO BUTTON,1F518,1f518.png,radio_button,folderol
BACK WITH LEFTWARDS ARROW ABOVE,1F519,1f519.png,back,folderol
END WITH LEFTWARDS ARROW ABOVE,1F51A,1f51a.png,end,folderol
ON WITH EXCLAMATION MARK WITH LEFT RIGHT ARROW ABOVE,1F51B,1f51b.png,on,folderol
SOON WITH RIGHTWARDS ARROW ABOVE,1F51C,1f51c.png,soon,folderol
TOP WITH UPWARDS ARROW ABOVE,1F51D,1f51d.png,top,folderol
NO ONE UNDER EIGHTEEN SYMBOL,1F51E,1f51e.png,underage,folderol
KEYCAP TEN,1F51F,1f51f.png,keycap_ten,folderol
INPUT SYMBOL FOR LATIN CAPITAL LETTERS,1F520,1f520.png,capital_abcd,folderol
INPUT SYMBOL FOR LATIN SMALL LETTERS,1F521,1f521.png,abcd,folderol
INPUT SYMBOL FOR NUMBERS,1F522,1f522.png,1234,folderol
INPUT SYMBOL FOR SYMBOLS,1F523,1f523.png,symbols,folderol
INPUT SYMBOL FOR LATIN LETTERS,1F524,1f524.png,abc,folderol
FIRE,1F525,1f525.png,fire,thing
ELECTRIC TORCH,1F526,1f526.png,flashlight,thing
WRENCH,1F527,1f527.png,wrench,thing
HAMMER,1F528,1f528.png,hammer,thing
NUT AND BOLT,1F529,1f529.png,nut_and_bolt,thing
HOCHO,1F52A,1f52a.png,hocho,thing
PISTOL,1F52B,1f52b.png,gun,thing
MICROSCOPE,1F52C,1f52c.png,microscope,thing
TELESCOPE,1F52D,1f52d.png,telescope,thing
CRYSTAL BALL,1F52E,1f52e.png,crystal_ball,thing
SIX POINTED STAR WITH MIDDLE DOT,1F52F,1f52f.png,six_pointed_star,thing
JAPANESE SYMBOL FOR BEGINNER,1F530,1f530.png,beginner,thing
TRIDENT EMBLEM,1F531,1f531.png,trident,thing
BLACK SQUARE BUTTON,1F532,1f532.png,black_square_button,folderol
WHITE SQUARE BUTTON,1F533,1f533.png,white_square_button,folderol
LARGE RED CIRCLE,1F534,1f534.png,red_circle,folderol
LARGE BLUE CIRCLE,1F535,1f535.png,large_blue_circle,folderol
LARGE ORANGE DIAMOND,1F536,1f536.png,large_orange_diamond,folderol
LARGE BLUE DIAMOND,1F537,1f537.png,large_blue_diamond,folderol
SMALL ORANGE DIAMOND,1F538,1f538.png,small_orange_diamond,folderol
SMALL BLUE DIAMOND,1F539,1f539.png,small_blue_diamond,folderol
UP-POINTING RED TRIANGLE,1F53A,1f53a.png,small_red_triangle,folderol
DOWN-POINTING RED TRIANGLE,1F53B,1f53b.png,small_red_triangle_down,folderol
UP-POINTING SMALL RED TRIANGLE,1F53C,1f53c.png,arrow_up_small,folderol
DOWN-POINTING SMALL RED TRIANGLE,1F53D,1f53d.png,arrow_down_small,folderol
CLOCK FACE ONE OCLOCK,1F550,1f550.png,clock1,folderol
CLOCK FACE TWO OCLOCK,1F551,1f551.png,clock2,folderol
CLOCK FACE THREE OCLOCK,1F552,1f552.png,clock3,folderol
CLOCK FACE FOUR OCLOCK,1F553,1f553.png,clock4,folderol
CLOCK FACE FIVE OCLOCK,1F554,1f554.png,clock5,folderol
CLOCK FACE SIX OCLOCK,1F555,1f555.png,clock6,folderol
CLOCK FACE SEVEN OCLOCK,1F556,1f556.png,clock7,folderol
CLOCK FACE EIGHT OCLOCK,1F557,1f557.png,clock8,folderol
CLOCK FACE NINE OCLOCK,1F558,1f558.png,clock9,folderol
CLOCK FACE TEN OCLOCK,1F559,1f559.png,clock10,folderol
CLOCK FACE ELEVEN OCLOCK,1F55A,1f55a.png,clock11,folderol
CLOCK FACE TWELVE OCLOCK,1F55B,1f55b.png,clock12,folderol
CLOCK FACE ONE-THIRTY,1F55C,1f55c.png,clock130,folderol
CLOCK FACE TWO-THIRTY,1F55D,1f55d.png,clock230,folderol
CLOCK FACE THREE-THIRTY,1F55E,1f55e.png,clock330,folderol
CLOCK FACE FOUR-THIRTY,1F55F,1f55f.png,clock430,folderol
CLOCK FACE FIVE-THIRTY,1F560,1f560.png,clock530,folderol
CLOCK FACE SIX-THIRTY,1F561,1f561.png,clock630,folderol
CLOCK FACE SEVEN-THIRTY,1F562,1f562.png,clock730,folderol
CLOCK FACE EIGHT-THIRTY,1F563,1f563.png,clock830,folderol
CLOCK FACE NINE-THIRTY,1F564,1f564.png,clock930,folderol
CLOCK FACE TEN-THIRTY,1F565,1f565.png,clock1030,folderol
CLOCK FACE ELEVEN-THIRTY,1F566,1f566.png,clock1130,folderol
CLOCK FACE TWELVE-THIRTY,1F567,1f567.png,clock1230,folderol
MOUNT FUJI,1F5FB,1f5fb.png,mount_fuji,travel
TOKYO TOWER,1F5FC,1f5fc.png,tokyo_tower,travel
STATUE OF LIBERTY,1F5FD,1f5fd.png,statue_of_liberty,travel
SILHOUETTE OF JAPAN,1F5FE,1f5fe.png,japan,travel
MOYAI,1F5FF,1f5ff.png,moyai,travel
GRINNING FACE,1F600,1f600.png,grinning,people
GRINNING FACE WITH SMILING EYES,1F601,1f601.png,grin,people
FACE WITH TEARS OF JOY,1F602,1f602.png,joy,people
SMILING FACE WITH OPEN MOUTH,1F603,1f603.png,smiley,people
SMILING FACE WITH OPEN MOUTH AND SMILING EYES,1F604,1f604.png,smile,people
SMILING FACE WITH OPEN MOUTH AND COLD SWEAT,1F605,1f605.png,sweat_smile,people
SMILING FACE WITH OPEN MOUTH AND TIGHTLY-CLOSED EYES,1F606,1f606.png,laughing,people
SMILING FACE WITH HALO,1F607,1f607.png,innocent,people
SMILING FACE WITH HORNS,1F608,1f608.png,smiling_imp,people
WINKING FACE,1F609,1f609.png,wink,people
SMILING FACE WITH SMILING EYES,1F60A,1f60a.png,blush,people
FACE SAVOURING DELICIOUS FOOD,1F60B,1f60b.png,yum,people
RELIEVED FACE,1F60C,1f60c.png,relieved,people
SMILING FACE WITH HEART-SHAPED EYES,1F60D,1f60d.png,heart_eyes,people
SMILING FACE WITH SUNGLASSES,1F60E,1f60e.png,sunglasses,people
SMIRKING FACE,1F60F,1f60f.png,smirk,people
NEUTRAL FACE,1F610,1f610.png,neutral_face,people
EXPRESSIONLESS FACE,1F611,1f611.png,expressionless,people
UNAMUSED FACE,1F612,1f612.png,unamused,people
FACE WITH COLD SWEAT,1F613,1f613.png,sweat,people
PENSIVE FACE,1F614,1f614.png,pensive,people
CONFUSED FACE,1F615,1f615.png,confused,people
CONFOUNDED FACE,1F616,1f616.png,confounded,people
KISSING FACE,1F617,1f617.png,kissing,people
FACE THROWING A KISS,1F618,1f618.png,kissing_heart,people
KISSING FACE WITH SMILING EYES,1F619,1f619.png,kissing_smiling_eyes,people
KISSING FACE WITH CLOSED EYES,1F61A,1f61a.png,kissing_closed_eyes,people
FACE WITH STUCK-OUT TONGUE,1F61B,1f61b.png,stuck_out_tongue,people
FACE WITH STUCK-OUT TONGUE AND WINKING EYE,1F61C,1f61c.png,stuck_out_tongue_winking_eye,people
FACE WITH STUCK-OUT TONGUE AND TIGHTLY-CLOSED EYES,1F61D,1f61d.png,stuck_out_tongue_closed_eyes,people
DISAPPOINTED FACE,1F61E,1f61e.png,disappointed,people
WORRIED FACE,1F61F,1f61f.png,worried,people
ANGRY FACE,1F620,1f620.png,angry,people
POUTING FACE,1F621,1f621.png,rage,people
CRYING FACE,1F622,1f622.png,cry,people
PERSEVERING FACE,1F623,1f623.png,persevere,people
FACE WITH LOOK OF TRIUMPH,1F624,1f624.png,triumph,people
DISAPPOINTED BUT RELIEVED FACE,1F625,1f625.png,disappointed_relieved,people
FROWNING FACE WITH OPEN MOUTH,1F626,1f626.png,frowning,people
ANGUISHED FACE,1F627,1f627.png,anguished,people
FEARFUL FACE,1F628,1f628.png,fearful,people
WEARY FACE,1F629,1f629.png,weary,people
SLEEPY FACE,1F62A,1f62a.png,sleepy,people
TIRED FACE,1F62B,1f62b.png,tired_face,people
GRIMACING FACE,1F62C,1f62c.png,grimacing,people
LOUDLY CRYING FACE,1F62D,1f62d.png,sob,people
FACE WITH OPEN MOUTH,1F62E,1f62e.png,open_mouth,people
HUSHED FACE,1F62F,1f62f.png,hushed,people
FACE WITH OPEN MOUTH AND COLD SWEAT,1F630,1f630.png,cold_sweat,people
FACE SCREAMING IN FEAR,1F631,1f631.png,scream,people
ASTONISHED FACE,1F632,1f632.png,astonished,people
FLUSHED FACE,1F633,1f633.png,flushed,people
SLEEPING FACE,1F634,1f634.png,sleeping,people
DIZZY FACE,1F635,1f635.png,dizzy_face,people
FACE WITHOUT MOUTH,1F636,1f636.png,no_mouth,people
FACE WITH MEDICAL MASK,1F637,1f637.png,mask,people
GRINNING CAT FACE WITH SMILING EYES,1F638,1f638.png,smile_cat,people
CAT FACE WITH TEARS OF JOY,1F639,1f639.png,joy_cat,people
SMILING CAT FACE WITH OPEN MOUTH,1F63A,1f63a.png,smiley_cat,people
SMILING CAT FACE WITH HEART-SHAPED EYES,1F63B,1f63b.png,heart_eyes_cat,people
CAT FACE WITH WRY SMILE,1F63C,1f63c.png,smirk_cat,people
KISSING CAT FACE WITH CLOSED EYES,1F63D,1f63d.png,kissing_cat,people
POUTING CAT FACE,1F63E,1f63e.png,pouting_cat,people
CRYING CAT FACE,1F63F,1f63f.png,crying_cat_face,people
WEARY CAT FACE,1F640,1f640.png,scream_cat,people
FACE WITH NO GOOD GESTURE,1F645,1f645.png,no_good,people
FACE WITH OK GESTURE,1F646,1f646.png,ok_woman,people
PERSON BOWING DEEPLY,1F647,1f647.png,bow,people
SEE-NO-EVIL MONKEY,1F648,1f648.png,see_no_evil,people
HEAR-NO-EVIL MONKEY,1F649,1f649.png,hear_no_evil,people
SPEAK-NO-EVIL MONKEY,1F64A,1f64a.png,speak_no_evil,people
HAPPY PERSON RAISING ONE HAND,1F64B,1f64b.png,raising_hand,people
PERSON RAISING BOTH HANDS IN CELEBRATION,1F64C,1f64c.png,raised_hands,people
PERSON FROWNING,1F64D,1f64d.png,person_frowning,people
PERSON WITH POUTING FACE,1F64E,1f64e.png,person_with_pouting_face,people
PERSON WITH FOLDED HANDS,1F64F,1f64f.png,pray,people
ROCKET,1F680,1f680.png,rocket,travel
HELICOPTER,1F681,1f681.png,helicopter,travel
STEAM LOCOMOTIVE,1F682,1f682.png,steam_locomotive,travel
RAILWAY CAR,1F683,1f683.png,railway_car,travel
HIGH-SPEED TRAIN,1F684,1f684.png,bullettrain_side,travel
HIGH-SPEED TRAIN WITH BULLET NOSE,1F685,1f685.png,bullettrain_front,travel
TRAIN,1F686,1f686.png,train2,travel
METRO,1F687,1f687.png,metro,travel
LIGHT RAIL,1F688,1f688.png,light_rail,travel
STATION,1F689,1f689.png,station,travel
TRAM,1F68A,1f68a.png,tram,travel
TRAM CAR,1F68B,1f68b.png,train,travel
BUS,1F68C,1f68c.png,bus,travel
ONCOMING BUS,1F68D,1f68d.png,oncoming_bus,travel
TROLLEYBUS,1F68E,1f68e.png,trolleybus,travel
BUS STOP,1F68F,1f68f.png,busstop,travel
MINIBUS,1F690,1f690.png,minibus,travel
AMBULANCE,1F691,1f691.png,ambulance,travel
FIRE ENGINE,1F692,1f692.png,fire_engine,travel
POLICE CAR,1F693,1f693.png,police_car,travel
ONCOMING POLICE CAR,1F694,1f694.png,oncoming_police_car,travel
TAXI,1F695,1f695.png,taxi,travel
ONCOMING TAXI,1F696,1f696.png,oncoming_taxi,travel
AUTOMOBILE,1F697,1f697.png,car,travel
ONCOMING AUTOMOBILE,1F698,1f698.png,oncoming_automobile,travel
RECREATIONAL VEHICLE,1F699,1f699.png,blue_car,travel
DELIVERY TRUCK,1F69A,1f69a.png,truck,travel
ARTICULATED LORRY,1F69B,1f69b.png,articulated_lorry,travel
TRACTOR,1F69C,1f69c.png,tractor,travel
MONORAIL,1F69D,1f69d.png,monorail,travel
MOUNTAIN RAILWAY,1F69E,1f69e.png,mountain_railway,travel
SUSPENSION RAILWAY,1F69F,1f69f.png,suspension_railway,travel
MOUNTAIN CABLEWAY,1F6A0,1f6a0.png,mountain_cableway,travel
AERIAL TRAMWAY,1F6A1,1f6a1.png,aerial_tramway,travel
SHIP,1F6A2,1f6a2.png,ship,travel
ROWBOAT,1F6A3,1f6a3.png,rowboat,travel
SPEEDBOAT,1F6A4,1f6a4.png,speedboat,travel
HORIZONTAL TRAFFIC LIGHT,1F6A5,1f6a5.png,traffic_light,travel
VERTICAL TRAFFIC LIGHT,1F6A6,1f6a6.png,vertical_traffic_light,travel
CONSTRUCTION SIGN,1F6A7,1f6a7.png,construction,travel
POLICE CARS REVOLVING LIGHT,1F6A8,1f6a8.png,rotating_light,travel
TRIANGULAR FLAG ON POST,1F6A9,1f6a9.png,triangular_flag_on_post,travel
DOOR,1F6AA,1f6aa.png,door,travel
NO ENTRY SIGN,1F6AB,1f6ab.png,no_entry_sign,travel
SMOKING SYMBOL,1F6AC,1f6ac.png,smoking,travel
NO SMOKING SYMBOL,1F6AD,1f6ad.png,no_smoking,travel
PUT LITTER IN ITS PLACE SYMBOL,1F6AE,1f6ae.png,put_litter_in_its_place,travel
DO NOT LITTER SYMBOL,1F6AF,1f6af.png,do_not_litter,travel
POTABLE WATER SYMBOL,1F6B0,1f6b0.png,potable_water,travel
NON-POTABLE WATER SYMBOL,1F6B1,1f6b1.png,non-potable_water,travel
BICYCLE,1F6B2,1f6b2.png,bike,travel
NO BICYCLES,1F6B3,1f6b3.png,no_bicycles,travel
BICYCLIST,1F6B4,1f6b4.png,bicyclist,travel
MOUNTAIN BICYCLIST,1F6B5,1f6b5.png,mountain_bicyclist,travel
PEDESTRIAN,1F6B6,1f6b6.png,walking,travel
NO PEDESTRIANS,1F6B7,1f6b7.png,no_pedestrians,travel
CHILDREN CROSSING,1F6B8,1f6b8.png,children_crossing,travel
MENS SYMBOL,1F6B9,1f6b9.png,mens,travel
WOMENS SYMBOL,1F6BA,1f6ba.png,womens,travel
RESTROOM,1F6BB,1f6bb.png,restroom,travel
BABY SYMBOL,1F6BC,1f6bc.png,baby_symbol,travel
TOILET,1F6BD,1f6bd.png,toilet,travel
WATER CLOSET,1F6BE,1f6be.png,wc,travel
SHOWER,1F6BF,1f6bf.png,shower,travel
BATH,1F6C0,1f6c0.png,bath,travel
BATHTUB,1F6C1,1f6c1.png,bathtub,travel
PASSPORT CONTROL,1F6C2,1f6c2.png,passport_control,travel
CUSTOMS,1F6C3,1f6c3.png,customs,travel
BAGGAGE CLAIM,1F6C4,1f6c4.png,baggage_claim,travel
LEFT LUGGAGE,1F6C5,1f6c5.png,left_luggage,travel
DOUBLE EXCLAMATION MARK,203C,203c.png,bangbang,symbol
LEFTWARDS ARROW WITH HOOK,21A9,21a9.png,leftwards_arrow_with_hook,folderol
RIGHTWARDS ARROW WITH HOOK,21AA,21aa.png,arrow_right_hook,folderol
WATCH,231A,231a.png,watch,thing
HOURGLASS,231B,231b.png,hourglass,thing
BLACK RIGHT-POINTING DOUBLE TRIANGLE,2.30E+10,23e9.png,fast_forward,thing
BLACK LEFT-POINTING DOUBLE TRIANGLE,23EA,23ea.png,rewind,thing
BLACK UP-POINTING DOUBLE TRIANGLE,23EB,23eb.png,arrow_double_up,folderol
BLACK DOWN-POINTING DOUBLE TRIANGLE,23EC,23ec.png,arrow_double_down,folderol
ALARM CLOCK,23F0,23f0.png,alarm_clock,thing
HOURGLASS WITH FLOWING SAND,23F3,23f3.png,hourglass_flowing_sand,thing
CIRCLED LATIN CAPITAL LETTER M,24C2,24c2.png,m,folderol
BLACK SMALL SQUARE,25AA,25aa.png,black_small_square,folderol
WHITE SMALL SQUARE,25AB,25ab.png,white_small_square,folderol
BLACK RIGHT-POINTING TRIANGLE,25B6,25b6.png,arrow_forward,folderol
BLACK LEFT-POINTING TRIANGLE,25C0,25c0.png,arrow_backward,folderol
WHITE MEDIUM SQUARE,25FB,25fb.png,white_medium_square,folderol
BLACK MEDIUM SQUARE,25FC,25fc.png,black_medium_square,folderol
WHITE MEDIUM SMALL SQUARE,25FD,25fd.png,white_medium_small_square,folderol
BLACK MEDIUM SMALL SQUARE,25FE,25fe.png,black_medium_small_square,folderol
BLACK TELEPHONE,260E,260e.png,phone,thing
WHITE UP POINTING INDEX,261D,261d.png,point_up,people
WHITE SMILING FACE,263A,263a.png,relaxed,emotion
GEMINI,264A,264a.png,gemini,folderol
CANCER,264B,264b.png,cancer,folderol
LEO,264C,264c.png,leo,folderol
VIRGO,264D,264d.png,virgo,folderol
LIBRA,264E,264e.png,libra,folderol
SCORPIUS,264F,264f.png,scorpius,folderol
BLACK UNIVERSAL RECYCLING SYMBOL,267B,267b.png,recycle,folderol
WHEELCHAIR SYMBOL,267F,267f.png,wheelchair,thing
WARNING SIGN,26A0,26a0.png,warning,thing
HIGH VOLTAGE SIGN,26A1,26a1.png,zap,thing
MEDIUM WHITE CIRCLE,26AA,26aa.png,white_circle,folderol
MEDIUM BLACK CIRCLE,26AB,26ab.png,black_circle,folderol
SOCCER BALL,26BD,26bd.png,soccer,thing
BASEBALL,26BE,26be.png,baseball,thing
SNOWMAN WITHOUT SNOW,26C4,26c4.png,snowman,thing
SUN BEHIND CLOUD,26C5,26c5.png,partly_sunny,thing
OPHIUCHUS,26CE,26ce.png,ophiuchus,folderol
NO ENTRY,26D4,26d4.png,no_entry,folderol
CHURCH,26EA,26ea.png,church,travel
FOUNTAIN,26F2,26f2.png,fountain,travel
FLAG IN HOLE,26F3,26f3.png,golf,travel
SAILBOAT,26F5,26f5.png,boat,travel
TENT,26FA,26fa.png,tent,travel
FUEL PUMP,26FD,26fd.png,fuelpump,travel
RAISED FIST,270A,270a.png,fist,people
RAISED HAND,270B,270b.png,hand,people
VICTORY HAND,270C,270c.png,v,folderol
PENCIL,270F,270f.png,pencil2,thing
CROSS MARK,274C,274c.png,x,folderol
NEGATIVE SQUARED CROSS MARK,274E,274e.png,negative_squared_cross_mark,folderol
BLACK RIGHTWARDS ARROW,27A1,27a1.png,arrow_right,folderol
CURLY LOOP,27B0,27b0.png,curly_loop,folderol
DOUBLE CURLY LOOP,27BF,27bf.png,loop,folderol
LEFTWARDS BLACK ARROW,2B05,2b05.png,arrow_left,folderol
UPWARDS BLACK ARROW,2B06,2b06.png,arrow_up,folderol
DOWNWARDS BLACK ARROW,2B07,2b07.png,arrow_down,folderol
BLACK LARGE SQUARE,2B1B,2b1b.png,black_large_square,folderol
WHITE LARGE SQUARE,2B1C,2b1c.png,white_large_square,folderol
WHITE MEDIUM STAR,2B50,2b50.png,star,thing
HEAVY LARGE CIRCLE,2B55,2b55.png,o,folderol
PART ALTERNATION MARK,303D,303d.png,part_alternation_mark,folderol